-- =============================================================================
-- WTV Service - Sample Test Data
-- =============================================================================

-- =============================================================================
-- ENTCODE - Time Codes
-- =============================================================================
INSERT INTO ENTCODE (CODE, TYPE, CDNAME, ACTIVE, TIMEDEF) VALUES ('100', 'T', 'ADP SUPPORT', 'Y', 'G');
INSERT INTO ENTCODE (CODE, TYPE, CDNAME, ACTIVE, TIMEDEF) VALUES ('101', 'T', 'ADMINISTRATION', 'Y', 'G');
INSERT INTO ENTCODE (CODE, TYPE, CDNAME, ACTIVE, TIMEDEF) VALUES ('102', 'T', 'LEAVE', 'Y', 'M');
INSERT INTO ENTCODE (CODE, TYPE, CDNAME, ACTIVE, TIMEDEF) VALUES ('103', 'T', 'FLEXIPLACE', 'Y', 'M');
INSERT INTO ENTCODE (CODE, TYPE, CDNAME, ACTIVE, TIMEDEF) VALUES ('104', 'T', 'HOLIDAY', 'Y', 'M');
INSERT INTO ENTCODE (CODE, TYPE, CDNAME, ACTIVE, TIMEDEF) VALUES ('105', 'T', 'MISC DIRECT', 'Y', 'G');
INSERT INTO ENTCODE (CODE, TYPE, CDNAME, ACTIVE, TIMEDEF) VALUES ('200', 'T', 'CREDIT HOURS USED', 'Y', 'A');
INSERT INTO ENTCODE (CODE, TYPE, CDNAME, ACTIVE, TIMEDEF) VALUES ('201', 'T', 'CREDIT EARNED', 'Y', 'S');
INSERT INTO ENTCODE (CODE, TYPE, CDNAME, ACTIVE, TIMEDEF) VALUES ('300', 'T', 'OVERHEAD', 'Y', 'O');
INSERT INTO ENTCODE (CODE, TYPE, CDNAME, ACTIVE, TIMEDEF) VALUES ('301', 'T', 'TRAINING', 'Y', 'R');
INSERT INTO ENTCODE (CODE, TYPE, CDNAME, ACTIVE, TIMEDEF) VALUES ('750', 'T', 'SPECIAL CODE 750', 'Y', 'I');
INSERT INTO ENTCODE (CODE, TYPE, CDNAME, ACTIVE, TIMEDEF) VALUES ('760', 'T', 'SPECIAL CODE 760', 'Y', 'I');

-- =============================================================================
-- ENTMONTH - Pay Periods for FY2024 (Oct 2023 - Sep 2024)
-- RPTMONTH format: MMMyyyy (e.g., OCT2023, NOV2023)
-- =============================================================================
-- FY2024 - First 4 months
INSERT INTO ENTMONTH (RPTMONTH, STARTDT, ENDDT, WEEKS, STARTCYC, ENDCYC, WORKDAYS, RPTNATIONAL) 
VALUES ('OCT2023', DATE '2023-10-01', DATE '2023-10-28', 4, 202401, 202404, 20, DATE '1900-01-01');

INSERT INTO ENTMONTH (RPTMONTH, STARTDT, ENDDT, WEEKS, STARTCYC, ENDCYC, WORKDAYS, RPTNATIONAL) 
VALUES ('NOV2023', DATE '2023-10-29', DATE '2023-11-25', 4, 202405, 202408, 20, DATE '1900-01-01');

INSERT INTO ENTMONTH (RPTMONTH, STARTDT, ENDDT, WEEKS, STARTCYC, ENDCYC, WORKDAYS, RPTNATIONAL) 
VALUES ('DEC2023', DATE '2023-11-26', DATE '2023-12-30', 5, 202409, 202413, 25, DATE '1900-01-01');

INSERT INTO ENTMONTH (RPTMONTH, STARTDT, ENDDT, WEEKS, STARTCYC, ENDCYC, WORKDAYS, RPTNATIONAL) 
VALUES ('JAN2024', DATE '2023-12-31', DATE '2024-01-27', 4, 202414, 202417, 20, DATE '1900-01-01');

INSERT INTO ENTMONTH (RPTMONTH, STARTDT, ENDDT, WEEKS, STARTCYC, ENDCYC, WORKDAYS, RPTNATIONAL) 
VALUES ('FEB2024', DATE '2024-01-28', DATE '2024-02-24', 4, 202418, 202421, 20, DATE '1900-01-01');

INSERT INTO ENTMONTH (RPTMONTH, STARTDT, ENDDT, WEEKS, STARTCYC, ENDCYC, WORKDAYS, RPTNATIONAL) 
VALUES ('MAR2024', DATE '2024-02-25', DATE '2024-03-30', 5, 202422, 202426, 25, DATE '1900-01-01');

INSERT INTO ENTMONTH (RPTMONTH, STARTDT, ENDDT, WEEKS, STARTCYC, ENDCYC, WORKDAYS, RPTNATIONAL) 
VALUES ('APR2024', DATE '2024-03-31', DATE '2024-04-27', 4, 202427, 202430, 20, DATE '1900-01-01');

INSERT INTO ENTMONTH (RPTMONTH, STARTDT, ENDDT, WEEKS, STARTCYC, ENDCYC, WORKDAYS, RPTNATIONAL) 
VALUES ('MAY2024', DATE '2024-04-28', DATE '2024-05-25', 4, 202431, 202434, 20, DATE '1900-01-01');

INSERT INTO ENTMONTH (RPTMONTH, STARTDT, ENDDT, WEEKS, STARTCYC, ENDCYC, WORKDAYS, RPTNATIONAL) 
VALUES ('JUN2024', DATE '2024-05-26', DATE '2024-06-29', 5, 202435, 202439, 25, DATE '1900-01-01');

INSERT INTO ENTMONTH (RPTMONTH, STARTDT, ENDDT, WEEKS, STARTCYC, ENDCYC, WORKDAYS, RPTNATIONAL) 
VALUES ('JUL2024', DATE '2024-06-30', DATE '2024-07-27', 4, 202440, 202443, 20, DATE '1900-01-01');

INSERT INTO ENTMONTH (RPTMONTH, STARTDT, ENDDT, WEEKS, STARTCYC, ENDCYC, WORKDAYS, RPTNATIONAL) 
VALUES ('AUG2024', DATE '2024-07-28', DATE '2024-08-24', 4, 202444, 202447, 20, DATE '1900-01-01');

INSERT INTO ENTMONTH (RPTMONTH, STARTDT, ENDDT, WEEKS, STARTCYC, ENDCYC, WORKDAYS, RPTNATIONAL) 
VALUES ('SEP2024', DATE '2024-08-25', DATE '2024-09-28', 5, 202448, 202452, 25, DATE '1900-01-01');

-- FY2025 - First 3 months (for testing)
INSERT INTO ENTMONTH (RPTMONTH, STARTDT, ENDDT, WEEKS, STARTCYC, ENDCYC, WORKDAYS, RPTNATIONAL) 
VALUES ('OCT2024', DATE '2024-09-29', DATE '2024-10-26', 4, 202501, 202504, 20, DATE '1900-01-01');

INSERT INTO ENTMONTH (RPTMONTH, STARTDT, ENDDT, WEEKS, STARTCYC, ENDCYC, WORKDAYS, RPTNATIONAL) 
VALUES ('NOV2024', DATE '2024-10-27', DATE '2024-11-23', 4, 202505, 202508, 20, DATE '1900-01-01');

INSERT INTO ENTMONTH (RPTMONTH, STARTDT, ENDDT, WEEKS, STARTCYC, ENDCYC, WORKDAYS, RPTNATIONAL) 
VALUES ('DEC2024', DATE '2024-11-24', DATE '2024-12-28', 5, 202509, 202513, 25, DATE '1900-01-01');

-- =============================================================================
-- ENTEMP - Employees (10 sample employees)
-- =============================================================================
INSERT INTO ENTEMP (ROID, NAME, GRADE, TYPE, TOUR, EACTIVE, POSTYPE, ORG, SEID) 
VALUES (21012901, 'JOHNSON, MICHAEL A', 12, 'C', 1, 'A', 'P', '01', 'MJ001');

INSERT INTO ENTEMP (ROID, NAME, GRADE, TYPE, TOUR, EACTIVE, POSTYPE, ORG, SEID) 
VALUES (21012904, 'SMITH, SARAH B', 11, 'C', 1, 'A', 'P', '01', 'SS002');

INSERT INTO ENTEMP (ROID, NAME, GRADE, TYPE, TOUR, EACTIVE, POSTYPE, ORG, SEID) 
VALUES (21012905, 'WILLIAMS, DAVID C', 12, 'C', 5, 'A', 'P', '01', 'DW003');

INSERT INTO ENTEMP (ROID, NAME, GRADE, TYPE, TOUR, EACTIVE, POSTYPE, ORG, SEID) 
VALUES (21012909, 'BROWN, JENNIFER D', 13, 'M', 5, 'A', 'P', '02', 'JB004');

INSERT INTO ENTEMP (ROID, NAME, GRADE, TYPE, TOUR, EACTIVE, POSTYPE, ORG, SEID) 
VALUES (21012910, 'DAVIS, ROBERT E', 12, 'C', 1, 'A', 'P', '02', 'RD005');

INSERT INTO ENTEMP (ROID, NAME, GRADE, TYPE, TOUR, EACTIVE, POSTYPE, ORG, SEID) 
VALUES (21012912, 'MILLER, AMANDA F', 11, 'C', 1, 'A', 'P', '02', 'AM006');

INSERT INTO ENTEMP (ROID, NAME, GRADE, TYPE, TOUR, EACTIVE, POSTYPE, ORG, SEID) 
VALUES (21012913, 'WILSON, JAMES G', 12, 'C', 2, 'A', 'P', '03', 'JW007');

INSERT INTO ENTEMP (ROID, NAME, GRADE, TYPE, TOUR, EACTIVE, POSTYPE, ORG, SEID) 
VALUES (21012914, 'MOORE, LISA H', 13, 'M', 1, 'A', 'P', '03', 'LM008');

INSERT INTO ENTEMP (ROID, NAME, GRADE, TYPE, TOUR, EACTIVE, POSTYPE, ORG, SEID) 
VALUES (21012915, 'TAYLOR, KEVIN I', 12, 'C', 3, 'A', 'P', '03', 'KT009');

INSERT INTO ENTEMP (ROID, NAME, GRADE, TYPE, TOUR, EACTIVE, POSTYPE, ORG, SEID) 
VALUES (21012961, 'ANDERSON, NANCY J', 11, 'C', 1, 'A', 'P', '04', 'NA010');

-- =============================================================================
-- ENT - Case/TIN Master Records
-- =============================================================================
INSERT INTO ENT (TINSID, TIN, TINTT, TP, TPCTRL, STATUS) VALUES (1001, 111223333, 1, 'TAXPAYER ONE', 'TP01', 'A');
INSERT INTO ENT (TINSID, TIN, TINTT, TP, TPCTRL, STATUS) VALUES (1002, 445555555, 2, 'TAXPAYER TWO', 'TP02', 'A');
INSERT INTO ENT (TINSID, TIN, TINTT, TP, TPCTRL, STATUS) VALUES (1003, 666778888, 1, 'TAXPAYER THREE', 'TP03', 'A');
INSERT INTO ENT (TINSID, TIN, TINTT, TP, TPCTRL, STATUS) VALUES (1004, 991111111, 1, 'TAXPAYER FOUR', 'TP04', 'A');
INSERT INTO ENT (TINSID, TIN, TINTT, TP, TPCTRL, STATUS) VALUES (1005, 222334444, 2, 'TAXPAYER FIVE', 'TP05', 'A');

-- =============================================================================
-- TIMETIN - Case Time Entries (Week of 10/29/2023 - 11/04/2023)
-- Each TIMESID must be UNIQUE (it's the primary key)
-- =============================================================================
-- Employee 21012901 - Working on multiple cases
INSERT INTO TIMETIN (TIMESID, RPTDT, ROID, HOURS, CODE) VALUES (10001, DATE '2023-10-30', 21012901, 0.50, '001');
INSERT INTO TIMETIN (TIMESID, RPTDT, ROID, HOURS, CODE) VALUES (10002, DATE '2023-10-31', 21012901, 1.00, '001');
INSERT INTO TIMETIN (TIMESID, RPTDT, ROID, HOURS, CODE) VALUES (10003, DATE '2023-11-01', 21012901, 1.50, '001');
INSERT INTO TIMETIN (TIMESID, RPTDT, ROID, HOURS, CODE) VALUES (10004, DATE '2023-11-02', 21012901, 1.00, '001');
INSERT INTO TIMETIN (TIMESID, RPTDT, ROID, HOURS, CODE) VALUES (10005, DATE '2023-11-01', 21012901, 2.00, '001');

-- Employee 21012905 - MAXI schedule, full days
INSERT INTO TIMETIN (TIMESID, RPTDT, ROID, HOURS, CODE) VALUES (10006, DATE '2023-10-30', 21012905, 8.00, '001');
INSERT INTO TIMETIN (TIMESID, RPTDT, ROID, HOURS, CODE) VALUES (10007, DATE '2023-10-31', 21012905, 8.00, '001');
INSERT INTO TIMETIN (TIMESID, RPTDT, ROID, HOURS, CODE) VALUES (10008, DATE '2023-11-01', 21012905, 8.00, '001');
INSERT INTO TIMETIN (TIMESID, RPTDT, ROID, HOURS, CODE) VALUES (10009, DATE '2023-11-02', 21012905, 8.00, '001');
INSERT INTO TIMETIN (TIMESID, RPTDT, ROID, HOURS, CODE) VALUES (10010, DATE '2023-11-03', 21012905, 8.00, '001');

-- Employee 21012909 - Manager working on case
INSERT INTO TIMETIN (TIMESID, RPTDT, ROID, HOURS, CODE) VALUES (10011, DATE '2023-10-30', 21012909, 2.00, '001');
INSERT INTO TIMETIN (TIMESID, RPTDT, ROID, HOURS, CODE) VALUES (10012, DATE '2023-10-31', 21012909, 3.00, '001');

-- =============================================================================
-- TIMENON - Non-Case Time Entries (Week of 10/29/2023 - 11/04/2023)
-- =============================================================================
-- Employee 21012901 - Various non-case time
INSERT INTO TIMENON (RPTDT, ROID, TIMECODE, HOURS, TIMEDEF) VALUES (DATE '2023-10-30', 21012901, '100', 0.50, 'G');
INSERT INTO TIMENON (RPTDT, ROID, TIMECODE, HOURS, TIMEDEF) VALUES (DATE '2023-10-31', 21012901, '101', 1.00, 'G');
INSERT INTO TIMENON (RPTDT, ROID, TIMECODE, HOURS, TIMEDEF) VALUES (DATE '2023-11-01', 21012901, '102', 1.50, 'M');
INSERT INTO TIMENON (RPTDT, ROID, TIMECODE, HOURS, TIMEDEF) VALUES (DATE '2023-11-02', 21012901, '102', 1.00, 'M');
INSERT INTO TIMENON (RPTDT, ROID, TIMECODE, HOURS, TIMEDEF) VALUES (DATE '2023-11-01', 21012901, '103', 2.00, 'M');
INSERT INTO TIMENON (RPTDT, ROID, TIMECODE, HOURS, TIMEDEF) VALUES (DATE '2023-11-02', 21012901, '200', 2.00, 'A');
INSERT INTO TIMENON (RPTDT, ROID, TIMECODE, HOURS, TIMEDEF) VALUES (DATE '2023-11-03', 21012901, '104', 8.00, 'M');

-- Employee 21012905 - Overhead time
INSERT INTO TIMENON (RPTDT, ROID, TIMECODE, HOURS, TIMEDEF) VALUES (DATE '2023-10-30', 21012905, '300', 1.00, 'O');
INSERT INTO TIMENON (RPTDT, ROID, TIMECODE, HOURS, TIMEDEF) VALUES (DATE '2023-10-31', 21012905, '301', 2.00, 'R');

-- Employee 21012909 - MAXI schedule with admin time
INSERT INTO TIMENON (RPTDT, ROID, TIMECODE, HOURS, TIMEDEF) VALUES (DATE '2023-10-30', 21012909, '100', 2.00, 'G');
INSERT INTO TIMENON (RPTDT, ROID, TIMECODE, HOURS, TIMEDEF) VALUES (DATE '2023-10-31', 21012909, '100', 2.00, 'G');
INSERT INTO TIMENON (RPTDT, ROID, TIMECODE, HOURS, TIMEDEF) VALUES (DATE '2023-11-01', 21012909, '100', 2.00, 'G');
INSERT INTO TIMENON (RPTDT, ROID, TIMECODE, HOURS, TIMEDEF) VALUES (DATE '2023-11-02', 21012909, '100', 2.00, 'G');
INSERT INTO TIMENON (RPTDT, ROID, TIMECODE, HOURS, TIMEDEF) VALUES (DATE '2023-11-03', 21012909, '100', 2.00, 'G');

-- Employee 21012914 - Manager with adjustment hours
INSERT INTO TIMENON (RPTDT, ROID, TIMECODE, HOURS, TIMEDEF) VALUES (DATE '2023-10-30', 21012914, '100', 4.00, 'G');
INSERT INTO TIMENON (RPTDT, ROID, TIMECODE, HOURS, TIMEDEF) VALUES (DATE '2023-10-31', 21012914, '200', 4.00, 'A');
INSERT INTO TIMENON (RPTDT, ROID, TIMECODE, HOURS, TIMEDEF) VALUES (DATE '2023-11-01', 21012914, '100', 4.00, 'G');
INSERT INTO TIMENON (RPTDT, ROID, TIMECODE, HOURS, TIMEDEF) VALUES (DATE '2023-11-02', 21012914, '100', 4.00, 'G');
