-- =============================================================================
-- WTV Service - Sample Test Data
-- =============================================================================

-- =============================================================================
-- ENTCODE - Time Codes
-- =============================================================================
INSERT INTO ENTCODE (CODE, TYPE, ENTDESC, ACTIVE, TIMEDEF) VALUES ('100', 'T', 'ADP SUPPORT', 'Y', 'G');
INSERT INTO ENTCODE (CODE, TYPE, ENTDESC, ACTIVE, TIMEDEF) VALUES ('101', 'T', 'ADMINISTRATION', 'Y', 'G');
INSERT INTO ENTCODE (CODE, TYPE, ENTDESC, ACTIVE, TIMEDEF) VALUES ('102', 'T', 'LEAVE', 'Y', 'M');
INSERT INTO ENTCODE (CODE, TYPE, ENTDESC, ACTIVE, TIMEDEF) VALUES ('103', 'T', 'FLEXIPLACE', 'Y', 'M');
INSERT INTO ENTCODE (CODE, TYPE, ENTDESC, ACTIVE, TIMEDEF) VALUES ('104', 'T', 'HOLIDAY', 'Y', 'M');
INSERT INTO ENTCODE (CODE, TYPE, ENTDESC, ACTIVE, TIMEDEF) VALUES ('105', 'T', 'MISC DIRECT', 'Y', 'G');
INSERT INTO ENTCODE (CODE, TYPE, ENTDESC, ACTIVE, TIMEDEF) VALUES ('200', 'T', 'CREDIT HOURS USED', 'Y', 'A');
INSERT INTO ENTCODE (CODE, TYPE, ENTDESC, ACTIVE, TIMEDEF) VALUES ('201', 'T', 'CREDIT EARNED', 'Y', 'S');
INSERT INTO ENTCODE (CODE, TYPE, ENTDESC, ACTIVE, TIMEDEF) VALUES ('300', 'T', 'OVERHEAD', 'Y', 'O');
INSERT INTO ENTCODE (CODE, TYPE, ENTDESC, ACTIVE, TIMEDEF) VALUES ('301', 'T', 'TRAINING', 'Y', 'R');
INSERT INTO ENTCODE (CODE, TYPE, ENTDESC, ACTIVE, TIMEDEF) VALUES ('750', 'T', 'HOLIDAY (NOT COUNTED)', 'Y', 'I');
INSERT INTO ENTCODE (CODE, TYPE, ENTDESC, ACTIVE, TIMEDEF) VALUES ('760', 'T', 'NON-WORK DAY', 'Y', 'I');

-- =============================================================================
-- ENTMONTH - Pay Periods for FY2025 (Oct 2024 - Sep 2025)
-- Full 12-month fiscal year for CTRS Calendar testing
-- RPTMONTH format: MMMyyyy (e.g., OCT2024, NOV2024)
-- =============================================================================

-- FY2025: October 2024 - September 2025
INSERT INTO ENTMONTH (RPTMONTH, STARTDT, ENDDT, WEEKS, STARTCYC, ENDCYC, WORKDAYS, RPTNATIONAL, ACTIVE, HOLIDAYS, HOURS) 
VALUES ('OCT2024', DATE '2024-09-29', DATE '2024-10-26', 4, 202501, 202504, 20, DATE '1900-01-01', 'Y', 1, 20);

INSERT INTO ENTMONTH (RPTMONTH, STARTDT, ENDDT, WEEKS, STARTCYC, ENDCYC, WORKDAYS, RPTNATIONAL, ACTIVE, HOLIDAYS, HOURS) 
VALUES ('NOV2024', DATE '2024-10-27', DATE '2024-11-23', 4, 202505, 202508, 20, DATE '1900-01-01', 'Y', 2, 20);

INSERT INTO ENTMONTH (RPTMONTH, STARTDT, ENDDT, WEEKS, STARTCYC, ENDCYC, WORKDAYS, RPTNATIONAL, ACTIVE, HOLIDAYS, HOURS) 
VALUES ('DEC2024', DATE '2024-11-24', DATE '2024-12-28', 5, 202509, 202513, 25, DATE '1900-01-01', 'Y', 2, 25);

INSERT INTO ENTMONTH (RPTMONTH, STARTDT, ENDDT, WEEKS, STARTCYC, ENDCYC, WORKDAYS, RPTNATIONAL, ACTIVE, HOLIDAYS, HOURS) 
VALUES ('JAN2025', DATE '2024-12-29', DATE '2025-01-25', 4, 202514, 202517, 20, DATE '1900-01-01', 'Y', 1, 20);

INSERT INTO ENTMONTH (RPTMONTH, STARTDT, ENDDT, WEEKS, STARTCYC, ENDCYC, WORKDAYS, RPTNATIONAL, ACTIVE, HOLIDAYS, HOURS) 
VALUES ('FEB2025', DATE '2025-01-26', DATE '2025-02-22', 4, 202518, 202521, 20, DATE '1900-01-01', 'Y', 1, 20);

INSERT INTO ENTMONTH (RPTMONTH, STARTDT, ENDDT, WEEKS, STARTCYC, ENDCYC, WORKDAYS, RPTNATIONAL, ACTIVE, HOLIDAYS, HOURS) 
VALUES ('MAR2025', DATE '2025-02-23', DATE '2025-03-29', 5, 202522, 202526, 25, DATE '1900-01-01', 'Y', 0, 25);

INSERT INTO ENTMONTH (RPTMONTH, STARTDT, ENDDT, WEEKS, STARTCYC, ENDCYC, WORKDAYS, RPTNATIONAL, ACTIVE, HOLIDAYS, HOURS) 
VALUES ('APR2025', DATE '2025-03-30', DATE '2025-04-26', 4, 202527, 202530, 20, DATE '1900-01-01', 'Y', 0, 20);

INSERT INTO ENTMONTH (RPTMONTH, STARTDT, ENDDT, WEEKS, STARTCYC, ENDCYC, WORKDAYS, RPTNATIONAL, ACTIVE, HOLIDAYS, HOURS) 
VALUES ('MAY2025', DATE '2025-04-27', DATE '2025-05-24', 4, 202531, 202534, 20, DATE '1900-01-01', 'Y', 1, 20);

INSERT INTO ENTMONTH (RPTMONTH, STARTDT, ENDDT, WEEKS, STARTCYC, ENDCYC, WORKDAYS, RPTNATIONAL, ACTIVE, HOLIDAYS, HOURS) 
VALUES ('JUN2025', DATE '2025-05-25', DATE '2025-06-28', 5, 202535, 202539, 25, DATE '1900-01-01', 'Y', 0, 25);

INSERT INTO ENTMONTH (RPTMONTH, STARTDT, ENDDT, WEEKS, STARTCYC, ENDCYC, WORKDAYS, RPTNATIONAL, ACTIVE, HOLIDAYS, HOURS) 
VALUES ('JUL2025', DATE '2025-06-29', DATE '2025-07-26', 4, 202540, 202543, 20, DATE '1900-01-01', 'Y', 1, 20);

INSERT INTO ENTMONTH (RPTMONTH, STARTDT, ENDDT, WEEKS, STARTCYC, ENDCYC, WORKDAYS, RPTNATIONAL, ACTIVE, HOLIDAYS, HOURS) 
VALUES ('AUG2025', DATE '2025-07-27', DATE '2025-08-23', 4, 202544, 202547, 20, DATE '1900-01-01', 'Y', 0, 20);

INSERT INTO ENTMONTH (RPTMONTH, STARTDT, ENDDT, WEEKS, STARTCYC, ENDCYC, WORKDAYS, RPTNATIONAL, ACTIVE, HOLIDAYS, HOURS) 
VALUES ('SEP2025', DATE '2025-08-24', DATE '2025-09-27', 5, 202548, 202552, 25, DATE '1900-01-01', 'Y', 1, 25);

-- FY2026: October 2025 - September 2026 (for current year testing)
INSERT INTO ENTMONTH (RPTMONTH, STARTDT, ENDDT, WEEKS, STARTCYC, ENDCYC, WORKDAYS, RPTNATIONAL, ACTIVE, HOLIDAYS, HOURS) 
VALUES ('OCT2025', DATE '2025-09-28', DATE '2025-10-25', 4, 202601, 202604, 20, DATE '1900-01-01', 'Y', 1, 20);

INSERT INTO ENTMONTH (RPTMONTH, STARTDT, ENDDT, WEEKS, STARTCYC, ENDCYC, WORKDAYS, RPTNATIONAL, ACTIVE, HOLIDAYS, HOURS) 
VALUES ('NOV2025', DATE '2025-10-26', DATE '2025-11-22', 4, 202605, 202608, 20, DATE '1900-01-01', 'Y', 2, 20);

INSERT INTO ENTMONTH (RPTMONTH, STARTDT, ENDDT, WEEKS, STARTCYC, ENDCYC, WORKDAYS, RPTNATIONAL, ACTIVE, HOLIDAYS, HOURS) 
VALUES ('DEC2025', DATE '2025-11-23', DATE '2025-12-27', 5, 202609, 202613, 25, DATE '1900-01-01', 'Y', 2, 25);

INSERT INTO ENTMONTH (RPTMONTH, STARTDT, ENDDT, WEEKS, STARTCYC, ENDCYC, WORKDAYS, RPTNATIONAL, ACTIVE, HOLIDAYS, HOURS) 
VALUES ('JAN2026', DATE '2025-12-28', DATE '2026-01-24', 4, 202614, 202617, 20, DATE '1900-01-01', 'Y', 1, 20);

INSERT INTO ENTMONTH (RPTMONTH, STARTDT, ENDDT, WEEKS, STARTCYC, ENDCYC, WORKDAYS, RPTNATIONAL, ACTIVE, HOLIDAYS, HOURS) 
VALUES ('FEB2026', DATE '2026-01-25', DATE '2026-02-21', 4, 202618, 202621, 20, DATE '1900-01-01', 'Y', 1, 20);

INSERT INTO ENTMONTH (RPTMONTH, STARTDT, ENDDT, WEEKS, STARTCYC, ENDCYC, WORKDAYS, RPTNATIONAL, ACTIVE, HOLIDAYS, HOURS) 
VALUES ('MAR2026', DATE '2026-02-22', DATE '2026-03-28', 5, 202622, 202626, 25, DATE '1900-01-01', 'Y', 0, 25);

INSERT INTO ENTMONTH (RPTMONTH, STARTDT, ENDDT, WEEKS, STARTCYC, ENDCYC, WORKDAYS, RPTNATIONAL, ACTIVE, HOLIDAYS, HOURS) 
VALUES ('APR2026', DATE '2026-03-29', DATE '2026-04-25', 4, 202627, 202630, 20, DATE '1900-01-01', 'Y', 0, 20);

INSERT INTO ENTMONTH (RPTMONTH, STARTDT, ENDDT, WEEKS, STARTCYC, ENDCYC, WORKDAYS, RPTNATIONAL, ACTIVE, HOLIDAYS, HOURS) 
VALUES ('MAY2026', DATE '2026-04-26', DATE '2026-05-23', 4, 202631, 202634, 20, DATE '1900-01-01', 'Y', 1, 20);

INSERT INTO ENTMONTH (RPTMONTH, STARTDT, ENDDT, WEEKS, STARTCYC, ENDCYC, WORKDAYS, RPTNATIONAL, ACTIVE, HOLIDAYS, HOURS) 
VALUES ('JUN2026', DATE '2026-05-24', DATE '2026-06-27', 5, 202635, 202639, 25, DATE '1900-01-01', 'Y', 0, 25);

INSERT INTO ENTMONTH (RPTMONTH, STARTDT, ENDDT, WEEKS, STARTCYC, ENDCYC, WORKDAYS, RPTNATIONAL, ACTIVE, HOLIDAYS, HOURS) 
VALUES ('JUL2026', DATE '2026-06-28', DATE '2026-07-25', 4, 202640, 202643, 20, DATE '1900-01-01', 'Y', 1, 20);

INSERT INTO ENTMONTH (RPTMONTH, STARTDT, ENDDT, WEEKS, STARTCYC, ENDCYC, WORKDAYS, RPTNATIONAL, ACTIVE, HOLIDAYS, HOURS) 
VALUES ('AUG2026', DATE '2026-07-26', DATE '2026-08-22', 4, 202644, 202647, 20, DATE '1900-01-01', 'Y', 0, 20);

INSERT INTO ENTMONTH (RPTMONTH, STARTDT, ENDDT, WEEKS, STARTCYC, ENDCYC, WORKDAYS, RPTNATIONAL, ACTIVE, HOLIDAYS, HOURS) 
VALUES ('SEP2026', DATE '2026-08-23', DATE '2026-09-26', 5, 202648, 202652, 25, DATE '1900-01-01', 'Y', 1, 25);

-- =============================================================================
-- ENTEMP - Employees (10 sample employees)
-- =============================================================================
INSERT INTO ENTEMP (ROID, NAME, GRADE, TYPE, TOUR, EACTIVE, POSTYPE, ORG, SEID) 
VALUES (21012901, 'JOHNSON, MICHAEL A', 12, 'C', 1, 'A', 'P', '01', 'MJ001');

INSERT INTO ENTEMP (ROID, NAME, GRADE, TYPE, TOUR, EACTIVE, POSTYPE, ORG, SEID) 
VALUES (21012904, 'SMITH, SARAH B', 11, 'C', 1, 'A', 'P', '01', 'SS002');

INSERT INTO ENTEMP (ROID, NAME, GRADE, TYPE, TOUR, EACTIVE, POSTYPE, ORG, SEID) 
VALUES (21012905, 'WILLIAMS, DAVID C', 12, 'C', 5, 'A', 'P', '01', 'DW003');

INSERT INTO ENTEMP (ROID, NAME, GRADE, TYPE, TOUR, EACTIVE, POSTYPE, ORG, SEID) 
VALUES (21012909, 'BROWN, JENNIFER D', 13, 'M', 5, 'A', 'P', '02', 'JB004');

INSERT INTO ENTEMP (ROID, NAME, GRADE, TYPE, TOUR, EACTIVE, POSTYPE, ORG, SEID) 
VALUES (21012910, 'DAVIS, ROBERT E', 12, 'C', 1, 'A', 'P', '02', 'RD005');

INSERT INTO ENTEMP (ROID, NAME, GRADE, TYPE, TOUR, EACTIVE, POSTYPE, ORG, SEID) 
VALUES (21012912, 'MILLER, AMANDA F', 11, 'C', 1, 'A', 'P', '02', 'AM006');

INSERT INTO ENTEMP (ROID, NAME, GRADE, TYPE, TOUR, EACTIVE, POSTYPE, ORG, SEID) 
VALUES (21012913, 'WILSON, JAMES G', 12, 'C', 2, 'A', 'P', '03', 'JW007');

INSERT INTO ENTEMP (ROID, NAME, GRADE, TYPE, TOUR, EACTIVE, POSTYPE, ORG, SEID) 
VALUES (21012914, 'MOORE, LISA H', 13, 'M', 1, 'A', 'P', '03', 'LM008');

INSERT INTO ENTEMP (ROID, NAME, GRADE, TYPE, TOUR, EACTIVE, POSTYPE, ORG, SEID) 
VALUES (21012915, 'TAYLOR, KEVIN I', 12, 'C', 3, 'A', 'P', '03', 'KT009');

INSERT INTO ENTEMP (ROID, NAME, GRADE, TYPE, TOUR, EACTIVE, POSTYPE, ORG, SEID) 
VALUES (21012961, 'ANDERSON, NANCY J', 11, 'C', 1, 'A', 'P', '04', 'NA010');

-- =============================================================================
-- ENT - Case/TIN Master Records
-- =============================================================================
INSERT INTO ENT (TIMESID, TIN, ENTNAME, JURISDICTION, STATUS, ROID) VALUES (1001, '111223333', 'TAXPAYER ONE', 'NY', 'A', 21012901);
INSERT INTO ENT (TIMESID, TIN, ENTNAME, JURISDICTION, STATUS, ROID) VALUES (1002, '445555555', 'TAXPAYER TWO', 'CA', 'A', 21012901);
INSERT INTO ENT (TIMESID, TIN, ENTNAME, JURISDICTION, STATUS, ROID) VALUES (1003, '666778888', 'TAXPAYER THREE', 'TX', 'A', 21012905);
INSERT INTO ENT (TIMESID, TIN, ENTNAME, JURISDICTION, STATUS, ROID) VALUES (1004, '991111111', 'TAXPAYER FOUR', 'FL', 'A', 21012909);
INSERT INTO ENT (TIMESID, TIN, ENTNAME, JURISDICTION, STATUS, ROID) VALUES (1005, '222334444', 'TAXPAYER FIVE', 'IL', 'A', 21012914);

-- =============================================================================
-- TIMETIN - Case Time Entries (Week of 10/27/2024 - 11/02/2024 for FY2025)
-- =============================================================================
-- Employee 21012901 - Working on multiple cases
INSERT INTO TIMETIN (ROID, TIMESID, RPTDT, HOURS) VALUES (21012901, 1001, DATE '2024-10-28', 2.00);
INSERT INTO TIMETIN (ROID, TIMESID, RPTDT, HOURS) VALUES (21012901, 1001, DATE '2024-10-29', 3.00);
INSERT INTO TIMETIN (ROID, TIMESID, RPTDT, HOURS) VALUES (21012901, 1001, DATE '2024-10-30', 2.50);
INSERT INTO TIMETIN (ROID, TIMESID, RPTDT, HOURS) VALUES (21012901, 1002, DATE '2024-10-30', 1.50);
INSERT INTO TIMETIN (ROID, TIMESID, RPTDT, HOURS) VALUES (21012901, 1002, DATE '2024-10-31', 4.00);
INSERT INTO TIMETIN (ROID, TIMESID, RPTDT, HOURS) VALUES (21012901, 1001, DATE '2024-11-01', 3.00);

-- Employee 21012905 - MAXI schedule, full days
INSERT INTO TIMETIN (ROID, TIMESID, RPTDT, HOURS) VALUES (21012905, 1003, DATE '2024-10-28', 8.00);
INSERT INTO TIMETIN (ROID, TIMESID, RPTDT, HOURS) VALUES (21012905, 1003, DATE '2024-10-29', 8.00);
INSERT INTO TIMETIN (ROID, TIMESID, RPTDT, HOURS) VALUES (21012905, 1003, DATE '2024-10-30', 8.00);
INSERT INTO TIMETIN (ROID, TIMESID, RPTDT, HOURS) VALUES (21012905, 1003, DATE '2024-10-31', 8.00);
INSERT INTO TIMETIN (ROID, TIMESID, RPTDT, HOURS) VALUES (21012905, 1003, DATE '2024-11-01', 8.00);

-- Employee 21012909 - Manager working on case
INSERT INTO TIMETIN (ROID, TIMESID, RPTDT, HOURS) VALUES (21012909, 1004, DATE '2024-10-28', 2.00);
INSERT INTO TIMETIN (ROID, TIMESID, RPTDT, HOURS) VALUES (21012909, 1004, DATE '2024-10-29', 3.00);
INSERT INTO TIMETIN (ROID, TIMESID, RPTDT, HOURS) VALUES (21012909, 1004, DATE '2024-10-30', 2.00);

-- =============================================================================
-- TIMENON - Non-Case Time Entries (Week of 10/27/2024 - 11/02/2024 for FY2025)
-- =============================================================================
-- Employee 21012901 - Various non-case time
INSERT INTO TIMENON (ROID, RPTDT, TIMECODE, HOURS) VALUES (21012901, DATE '2024-10-28', '100', 0.50);
INSERT INTO TIMENON (ROID, RPTDT, TIMECODE, HOURS) VALUES (21012901, DATE '2024-10-29', '101', 1.00);
INSERT INTO TIMENON (ROID, RPTDT, TIMECODE, HOURS) VALUES (21012901, DATE '2024-10-30', '102', 1.50);
INSERT INTO TIMENON (ROID, RPTDT, TIMECODE, HOURS) VALUES (21012901, DATE '2024-10-31', '102', 1.00);
INSERT INTO TIMENON (ROID, RPTDT, TIMECODE, HOURS) VALUES (21012901, DATE '2024-10-30', '103', 2.00);
INSERT INTO TIMENON (ROID, RPTDT, TIMECODE, HOURS) VALUES (21012901, DATE '2024-10-31', '200', 2.00);
INSERT INTO TIMENON (ROID, RPTDT, TIMECODE, HOURS) VALUES (21012901, DATE '2024-11-01', '104', 5.00);

-- Employee 21012905 - Overhead time
INSERT INTO TIMENON (ROID, RPTDT, TIMECODE, HOURS) VALUES (21012905, DATE '2024-10-28', '300', 1.00);
INSERT INTO TIMENON (ROID, RPTDT, TIMECODE, HOURS) VALUES (21012905, DATE '2024-10-29', '301', 2.00);

-- Employee 21012909 - MAXI schedule with admin time
INSERT INTO TIMENON (ROID, RPTDT, TIMECODE, HOURS) VALUES (21012909, DATE '2024-10-28', '100', 2.00);
INSERT INTO TIMENON (ROID, RPTDT, TIMECODE, HOURS) VALUES (21012909, DATE '2024-10-29', '100', 2.00);
INSERT INTO TIMENON (ROID, RPTDT, TIMECODE, HOURS) VALUES (21012909, DATE '2024-10-30', '100', 2.00);
INSERT INTO TIMENON (ROID, RPTDT, TIMECODE, HOURS) VALUES (21012909, DATE '2024-10-31', '100', 2.00);
INSERT INTO TIMENON (ROID, RPTDT, TIMECODE, HOURS) VALUES (21012909, DATE '2024-11-01', '100', 2.00);

-- Employee 21012914 - Manager with adjustment hours
INSERT INTO TIMENON (ROID, RPTDT, TIMECODE, HOURS) VALUES (21012914, DATE '2024-10-28', '100', 4.00);
INSERT INTO TIMENON (ROID, RPTDT, TIMECODE, HOURS) VALUES (21012914, DATE '2024-10-29', '200', 4.00);
INSERT INTO TIMENON (ROID, RPTDT, TIMECODE, HOURS) VALUES (21012914, DATE '2024-10-30', '100', 4.00);
INSERT INTO TIMENON (ROID, RPTDT, TIMECODE, HOURS) VALUES (21012914, DATE '2024-10-31', '100', 4.00);

-- Special codes 750 and 760 testing
INSERT INTO TIMENON (ROID, RPTDT, TIMECODE, HOURS) VALUES (21012901, DATE '2024-11-28', '750', 8.00);
INSERT INTO TIMENON (ROID, RPTDT, TIMECODE, HOURS) VALUES (21012905, DATE '2024-11-29', '760', 8.00);
